"pitcher","pitcher_name","pitch_hand","n_pitches","team_id","ball_angle","relative_release_ball_x","release_ball_z","relative_shoulder_x","shoulder_z"
425794,"Wainwright, Adam","R",727,138,"43.9",-1.612477846263826,6.238156808803301,-0.002642420165702889,4.686039078052817
425844,"Greinke, Zack","R",800,117,"47.6",-1.3097693365412169,6.2994625,0.13777542441550483,4.7153606540719695
434671,"Sánchez, Aníbal","R",700,120,"47.6",-1.4106809891587142,5.851485714285714,0.12280167792844411,4.172919092804395
448179,"Hill, Rich","L",616,142,"39.5",2.0902226197364007,5.869545454545454,0.31903210777983715,4.40443486765574
450203,"Morton, Charlie","R",565,139,"25.1",-2.28408627876252,5.597380530973451,-0.1558159542457369,4.601564358584544
452657,"Lester, Jon","L",1002,112,"36.7",2.059205962354092,5.706167664670659,0.1897512357848919,4.314504375163126
453286,"Scherzer, Max","R",898,120,"25.4",-2.4540340873452813,5.467193763919822,-0.40411496073029335,4.493854056869508
453562,"Arrieta, Jake","R",449,143,"34.7",-2.116639320916543,6.120734966592428,-0.23800139730623976,4.819812185874248
456501,"Cueto, Johnny","R",942,137,"32.7",-2.1880544489318754,5.484777070063695,-0.20353221492358284,4.213390599835669
457918,"Happ, J.A.","L",578,147,"42.1",1.6721255774656738,6.182335640138408,-0.07601928911545744,4.601260517705037
458676,"Lindblom, Josh","R",625,158,"36.7",-1.8667158843810698,5.953392,-0.06534799885918004,4.608660625695188
458681,"Lynn, Lance","R",962,140,"33.2",-2.4101687440171067,5.674656964656965,-0.39274045793816015,4.3532648245572325
458708,"Tomlin, Josh","R",371,144,"43.8",-1.5458236852658782,5.9332614555256065,0.0713507489616773,4.379936194108861
461829,"Gonzalez, Gio","L",499,145,"37.0",1.8581424281745247,5.576633266533066,0.12378074739815767,4.267623739212573
471911,"Carrasco, Carlos","R",878,114,"35.7",-1.9381729693509162,5.720580865603645,-0.0724029456177532,4.38141696827618
474463,"Anderson, Brett","L",598,158,"45.0",1.691137681097077,6.315936454849498,0.0868711659184805,4.712002845492104
477132,"Kershaw, Clayton","L",615,119,"61.4",0.9020215146510097,6.261967479674797,-0.19502119961399195,4.252362359071603
501381,"Pineda, Michael","R",361,142,"36.6",-2.4540927894864177,6.434542936288088,-0.4058722588799433,4.914108517156863
501985,"Minor, Mike","L",791,9999,"36.1",1.5582143128335413,5.873716814159292,-0.3306085395513797,4.494747417489522
502043,"Gibson, Kyle","R",850,140,"46.8",-1.5573399905247034,6.485105882352941,0.07958338940910589,4.739449493058052
502171,"Cobb, Alex","R",403,110,"48.5",-1.6294797954453912,6.196600496277916,-0.1504810101986881,4.52383642252237
502239,"Cahill, Trevor","R",362,137,"39.0",-1.962521139379194,6.284005524861879,-0.13920707562269005,4.804711146049203
502706,"Holland, Derek","L",572,134,"39.0",1.566361778937419,5.9187412587412584,-0.18777997470889182,4.499557897997724
506433,"Darvish, Yu","R",1038,112,"44.8",-1.594552471194944,5.762832369942196,-0.11176989856702009,4.291744023293544
518516,"Bumgarner, Madison","L",466,109,"27.1",2.2984563820754924,5.708304721030043,0.3814105895167275,4.728577659595832
518553,"Cishek, Steve","R",363,145,"3.0",-2.977293967901149,4.133774104683195,-0.5579504435681736,4.0064437899947105
518633,"Duffy, Danny","L",734,118,"51.4",1.0846118539241503,5.814877384196185,-0.3565969614803439,4.00980248075097
518813,"Holland, Greg","R",372,118,"66.1",-0.3450368763234247,6.081666666666667,0.6055327987998719,3.944969693512791
518876,"Kelly, Merrill","R",468,109,"31.0",-1.929454532899741,5.614166666666667,-0.029289729116199703,4.472262949251185
519144,"Porcello, Rick","R",661,121,"43.8",-1.681445090696357,6.216475037821483,0.04001072480051022,4.562426723742722
527048,"Pérez, Martín","L",852,111,"45.5",1.470976505574693,5.57981220657277,-0.15946340200591547,3.917300876935708
527054,"Teheran, Julio","R",471,108,"25.4",-2.2863715340726922,5.068343949044586,-0.34930341156912487,4.150233028621264
533167,"Shoemaker, Matt","R",388,141,"37.0",-1.7933262877682985,6.132963917525773,0.052845888346259313,4.742241889595869
542585,"Cisnero, José","R",437,116,"26.4",-2.257276953679396,5.425240274599543,-0.15955623392611673,4.382167948472816
542881,"Anderson, Tyler","L",797,137,"49.2",1.4089914916128976,6.225144291091594,-0.05393678041445847,4.531383027193026
542882,"Andriese, Matt","R",379,108,"41.0",-2.2187455227233426,5.74377308707124,-0.38789723925106145,4.152204359111418
543037,"Cole, Gerrit","R",685,147,"37.9",-1.6824894725724229,5.617211678832117,0.11500204379562043,4.219176267003982
543101,"DeSclafani, Anthony","R",362,113,"40.0",-1.4905879957490555,5.5469060773480665,0.12484789953424866,4.190886326459263
543135,"Eovaldi, Nathan","R",653,111,"35.9",-2.39921998297157,5.742419601837672,-0.44564842997111137,4.328438262445936
543243,"Gray, Sonny","R",661,113,"49.9",-1.1473729697221042,5.673328290468986,0.2646736384687626,3.997730192119311
543294,"Hendricks, Kyle","R",1045,112,"50.5",-1.3458786515783776,6.139033492822967,0.19539737450608777,4.26704036369896
543475,"Lyles, Jordan","R",442,140,"46.6",-1.4680576543883197,6.155429864253394,0.16818870515873977,4.426841841159489
543548,"Milone, Tommy","L",605,9999,"45.0",1.6117345810621746,6.0627933884297525,0.054058972632253524,4.5055542253539285
543699,"Roark, Tanner","R",481,141,"54.6",-1.2235522355845254,5.9602079002079,0.08921828803814098,4.108057786506683
543901,"Weber, Ryan","R",526,111,"16.1",-2.157121290913061,5.040380228136882,-0.1294275464976433,4.457849041438646
545333,"Bauer, Trevor","R",1158,113,"41.1",-1.720898851849174,5.642875647668394,-0.039567343921317936,4.174887151472518
547179,"Lorenzen, Michael","R",365,113,"42.2",-1.651468919685704,5.91468493150685,0.04569689342050643,4.37700384175152
547888,"Tanaka, Masahiro","R",640,147,"40.7",-1.6330084668549927,5.38084375,0.0790390786785595,3.9093781425870775
547943,"Ryu, Hyun Jin","L",553,141,"39.2",1.7781010631182634,5.795678119349005,0.06828859158882196,4.4013558597892555
548389,"Stripling, Ross","R",543,9999,"63.8",-0.8692582140815978,7.024751381215469,0.1754845098484731,4.9033893666240145
554430,"Wheeler, Zack","R",573,143,"37.9",-1.9695260067605267,5.673280977312391,-0.026273374908229195,4.16211140273617
570240,"Peña, Félix","R",390,108,"39.7",-1.798016384208728,5.890153846153846,0.02180280374445816,4.380585565882239
570488,"Valdez, Phillips","R",370,111,"11.7",-2.4472679687205345,4.491621621621622,-0.25191987863517645,4.03585798991046
571510,"Boyd, Matthew","L",1078,116,"29.6",2.354361623170359,5.7376623376623375,0.2235798312697275,4.529718500316006
571578,"Corbin, Patrick","L",641,120,"43.1",1.5258414805788254,6.404586583463338,-0.16152197933538043,4.824320394250205
571760,"Heaney, Andrew","L",802,108,"33.2",2.194285295170923,5.3266334164588525,0.27505608381405156,4.069814784815677
571927,"Matz, Steven","L",458,121,"35.8",1.8946499058725934,5.6420960698689955,-0.034813365286567186,4.249221251624905
572070,"Richards, Garrett","R",512,135,"43.1",-1.7106328176400025,5.759765625,0.04847829166312298,4.1125707164423835
572362,"Erlin, Robbie","L",387,9999,"47.5",1.5678206776954253,5.751343669250646,0.1239524527590576,4.17507401060389
572971,"Keuchel, Dallas","L",955,145,"49.1",1.4510266424102947,6.175371727748691,-0.06561436240445727,4.4252583918245545
579328,"Kikuchi, Yusei","L",570,136,"58.7",0.9515582092119814,5.832508771929825,-0.18855570418023668,3.961011242358347
592332,"Gausman, Kevin","R",782,137,"38.2",-1.9199030316134584,5.935562659846547,-0.014928032196806888,4.437794052412002
592351,"Gray, Jon","R",589,115,"32.9",-1.993264085094827,5.706281833616298,0.010066793573116854,4.411364177930163
592644,"Plutko, Adam","R",367,114,"45.2",-1.4817277511594376,6.043569482288828,0.14460057911101026,4.404581140313446
592662,"Ray, Robbie","L",736,9999,"44.1",1.5409313582109092,6.093247282608695,-0.06935664362450143,4.531694579852259
592826,"Velasquez, Vince","R",439,143,"44.4",-1.4471911937210562,5.72132118451025,0.23205732521601516,4.076280231630082
592836,"Walker, Taijuan","R",647,9999,"47.9",-1.588540957055956,6.488763523956723,-0.034907374215001445,4.771043224593863
592866,"Williams, Trevor","R",1007,134,"35.3",-1.9160692052083914,5.53454816285998,0.0001727778260351692,4.175724457599958
592879,"Wojciechowski, Asher","R",582,110,"37.3",-1.8548424307329354,5.655343642611684,-0.09845892665282295,4.3144619868791
593372,"Martinez, Carlos","R",397,138,"28.0",-2.244454468438798,5.380050377833753,-0.16866443524461536,4.275868435584733
593423,"Montas, Frankie","R",905,133,"49.8",-1.304604817915934,6.188872928176796,0.1967193922398693,4.413954288208176
594577,"Mayers, Mike","R",373,108,"38.6",-1.62834593735345,5.807667560321716,0.21865499658308363,4.335358778368769
594795,"Dayton, Grant","L",368,144,"40.1",1.6718389140761811,5.600570652173913,0.04660733542033416,4.231120628591357
594798,"deGrom, Jacob","R",891,121,"34.6",-1.9294908643835849,5.508967452300785,0.08078308757634775,4.1228443177206096
594835,"Gonzales, Marco","L",949,136,"46.5",1.3559828967797125,5.603308746048472,-0.07308831410263118,4.100273916106389
594965,"Ponce de Leon, Daniel","R",598,138,"48.0",-1.5115989366047815,6.630217391304348,0.09640978139347865,4.844765216990225
596057,"Norris, Daniel","L",458,116,"42.2",1.886773389574531,6.103515283842794,0.17845637127196054,4.553296112644393
596133,"Weaver, Luke","R",696,109,"52.3",-1.1319677673420558,5.6635201149425285,0.26096723284807655,3.8632063435142867
596295,"Gomber, Austin","L",438,138,"61.3",0.6258010693347665,6.754200913242009,-0.48926853616166266,4.723262993809396
605130,"Barlow, Scott","R",407,118,"35.5",-1.8048602712441661,5.394987714987715,0.07261985820461755,4.057163708672212
605135,"Bassitt, Chris","R",875,133,"43.7",-1.6215304903960708,5.6768914285714285,0.16892564990305214,3.9689043099979995
605164,"Bundy, Dylan","R",697,108,"51.0",-1.3032520025886114,6.108608321377331,0.07113021821347555,4.409241283791918
605182,"Clevinger, Mike","R",399,9999,"47.2",-1.536927712551629,5.775187969924812,0.02844347133989162,4.084851514886258
605200,"Davies, Zach","R",650,135,"39.2",-1.7422924487835707,5.5355384615384615,-0.12153862769093651,4.21329892452523
605242,"Fulmer, Michael","R",522,116,"39.4",-1.7148640458934257,6.1370689655172415,0.034994168218271296,4.697549084030381
605288,"Houser, Adrian","R",727,158,"45.2",-1.5003858700527284,6.093411279229711,0.19931540802984943,4.379318377724981
605359,"Marshall, Evan","R",375,145,"30.4",-2.0042782188190658,5.870186666666667,-0.04018873134368899,4.7177743706137
605397,"Musgrove, Joe","R",477,134,"33.1",-2.414065438211244,6.526352201257861,-0.2656608337167057,5.126298259292758
605400,"Nola, Aaron","R",805,143,"19.2",-2.2765336442415522,4.951900621118012,-0.14309697013983458,4.210320046421731
605483,"Snell, Blake","L",711,139,"53.8",1.1376504922010806,6.506666666666667,-0.24915300182846442,4.6150303256806176
605513,"Turnbull, Spencer","R",864,116,"27.0",-2.391168478374193,5.688043981481481,-0.19860724065615304,4.572571153432043
605525,"Wendelken, J.B.","R",366,133,"39.5",-1.806297778276687,5.800710382513661,-0.09578667923205049,4.391410868082951
605540,"Woodruff, Brandon","R",1111,158,"42.7",-1.5243864596311743,5.90992799279928,0.19482514225267064,4.323749848922631
607192,"Glasnow, Tyler","R",677,139,"55.6",-1.0211875456091852,6.103677991137371,0.33037155777578925,4.128854201375998
607200,"Fedde, Erick","R",663,120,"36.2",-1.65735366820627,5.824328808446455,0.2460417657520296,4.429043387681618
607391,"Mazza, Chris","R",465,111,"26.1",-2.183328050735176,5.414559139784946,-0.31960457662830527,4.502719770321471
607536,"Freeland, Kyle","L",437,115,"30.0",2.1248821786235217,5.67395881006865,0.09220640163752207,4.502605187364628
607560,"Harper, Ryne","R",371,120,"46.4",-1.326972768672735,6.142991913746631,0.1892217259352283,4.553428105706262
607625,"Lugo, Seth","R",403,121,"37.5",-1.9516081561021175,5.60151364764268,-0.007953868836334432,4.107542181203916
607644,"Means, John","L",504,110,"46.9",1.4287305723702493,6.482777777777778,-0.13984025483488852,4.807840869208163
608331,"Fried, Max","L",714,144,"52.3",1.305766469770922,5.9619607843137254,-0.215056103636196,3.995045392298185
608337,"Giolito, Lucas","R",1090,145,"57.9",-1.082210475567714,6.481266055045872,0.22449583559595648,4.401170843786723
608379,"Wacha, Michael","R",408,121,"44.8",-1.422261333215148,6.250171568627451,0.16553651642475173,4.677156578544965
608566,"Márquez, Germán","R",932,115,"37.4",-1.799724036822404,6.202886266094421,0.09405729035893522,4.756937222072061
608717,"Stratton, Chris","R",510,134,"40.7",-1.6064398152941435,5.906941176470588,0.15724953251153403,4.38748956195825
608718,"Suter, Brent","L",443,158,"50.1",1.4638146897941986,6.192641083521445,0.05480415669022586,4.5102355268174374
608723,"Voth, Austin","R",718,120,"38.3",-1.6558287483439176,5.738593314763231,0.0728886937435141,4.371613700167329
615698,"Quantrill, Cal","R",376,9999,"50.0",-1.1930397258819692,6.536781914893617,0.34423603415253917,4.708646497752873
621107,"Eflin, Zach","R",727,143,"31.1",-2.300920987665005,5.653755158184319,-0.22047608215366302,4.40042980647461
621111,"Buehler, Walker","R",525,119,"49.9",-1.3022527919736007,5.763561904761905,0.0997395937950938,4.101335160077667
621121,"McCullers Jr., Lance","R",721,117,"33.3",-2.1024956706608284,5.442829403606103,-0.22119571080086933,4.20714844810497
621219,"Mills, Alec","R",670,112,"32.3",-2.1646965602025734,5.7274328358208955,-0.22341992516860884,4.503175515750364
621242,"Díaz, Edwin","R",388,121,"21.4",-2.5767014571810916,4.97860824742268,-0.5167087955050811,4.1714844592452724
621244,"Berríos, José","R",890,142,"36.1",-2.123902192878038,5.429191011235955,-0.2561297928231303,4.0696774135644045
621345,"Minter, A.J.","L",365,144,"36.6",1.7643748336562837,5.440328767123288,0.04257365522672332,4.164536029854345
622065,"Young, Alex","L",621,109,"32.0",1.928844387018065,6.024057971014493,0.020964115783848308,4.830261871072137
622251,"Staumont, Josh","R",396,118,"56.1",-1.1928495783115882,6.3340151515151515,0.07920541657663985,4.440388862218441
622491,"Castillo, Luis","R",885,113,"20.5",-2.208863547523116,5.330203389830508,0.03705588413331434,4.48948321212409
622608,"Senzatela, Antonio","R",640,115,"41.0",-1.8675198942381337,5.930375,-0.0957394812391576,4.387345442501433
622772,"Cordero, Jimmy","R",383,145,"47.2",-1.4630205862308046,6.278407310704961,0.1543630820137217,4.528676736052242
623470,"Newberry, Jake","R",363,118,"44.4",-1.3715621808956517,6.255234159779614,0.2322391523554701,4.682627744201863
624418,"Castellani, Ryan","R",401,115,"23.4",-2.6277568968858893,5.379027431421447,-0.38419485737805664,4.411309585759548
625643,"López, Reynaldo","R",449,145,"46.6",-1.4560231378138957,6.010846325167038,0.006430041849499467,4.464620672376665
628317,"Maeda, Kenta","R",821,142,"37.4",-1.854502492583187,5.759768574908648,-0.08189235043735132,4.403921343001324
628711,"Urías, Julio","L",628,119,"48.0",1.463321631983531,6.023710191082802,-0.11188233831112063,4.271323863133556
640455,"Manaea, Sean","L",628,133,"25.8",2.6686806612946388,5.460382165605096,0.5833993628961428,4.451258301794372
641154,"López, Pablo","R",896,146,"28.4",-2.3258806297016013,5.46765625,-0.23200148760409703,4.337783942509888
641302,"Alexander, Tyler","L",480,116,"35.1",1.9700960006204673,5.708354166666667,0.12777552174217224,4.414789041405388
641540,"Dunning, Dane","R",462,145,"39.9",-1.8554862006125716,5.813766233766234,-0.0572168971100837,4.306551366646521
641582,"Foster, Matt","R",378,145,"54.9",-0.9566282944188315,6.129100529100529,0.28024343933027757,4.372352947573811
641712,"Hudson, Dakota","R",379,138,"44.2",-1.442982905756476,6.266833773087071,0.17846508290651353,4.708581961189969
641745,"Keller, Brad","R",669,118,"51.1",-1.174994306509694,6.425231689088191,0.305891612807951,4.589714495843045
641771,"Kuhl, Chad","R",698,134,"41.2",-1.671376751974883,5.733223495702005,-0.043038778971604276,4.310513296252142
641816,"Mahle, Tyler","R",783,113,"36.8",-1.9931342262599365,5.601775223499361,-0.2291519137442798,4.281790160711968
642232,"Yarbrough, Ryan","L",419,139,"18.4",2.844611131019671,5.12909307875895,0.6180404729572454,4.388747269274872
642233,"Yardley, Eric","R",366,158,"-33.7",-2.78560010482596,2.4343169398907105,-0.8821160710893896,3.7054606759494657
642547,"Peralta, Freddy","R",514,158,"36.6",-2.04518507994109,5.0777431906614785,-0.24206834037545863,3.737957717048749
643230,"Brault, Steven","L",623,134,"34.3",1.8831672749557553,5.716629213483146,0.058167618147361086,4.470226207303146
643290,"Dunn, Justin","R",535,136,"38.1",-1.7260877776694228,5.746579439252336,-0.0006366409306288352,4.3919890329155455
643327,"Godley, Zack","R",552,111,"35.4",-1.824948802500627,6.217409420289855,0.11782179483251634,4.83685151841303
645261,"Alcantara, Sandy","R",465,146,"35.7",-2.059903058355264,5.933397849462366,-0.006040985699020565,4.460270796496752
650633,"King, Michael","R",395,147,"30.7",-1.860366494465503,5.479670886075949,0.03496631898846995,4.35304414133893
650644,"Civale, Aaron","R",989,114,"46.9",-1.1455417876704526,6.035783619817998,0.34540418053129884,4.441504895227049
656232,"Bielak, Brandon","R",460,117,"46.4",-1.3675429194788111,6.195260869565217,0.25420873579545455,4.49177195619478
656288,"Canning, Griffin","R",677,108,"49.3",-1.1002657270213068,5.982540620384047,0.3828256845104095,4.257955344039052
656302,"Cease, Dylan","R",980,145,"50.5",-1.2751160078664692,6.255438775510204,0.16548215853695375,4.512459874813399
656427,"Flaherty, Jack","R",544,138,"29.9",-1.8297463619664536,5.510698529411765,0.16689758495869939,4.363969142421047
656756,"Montgomery, Jordan","L",494,147,"50.9",1.2615373112677037,6.952914979757085,-0.29581429501387413,5.038168525277934
656849,"Peterson, David","L",437,121,"39.3",1.8054468075273382,5.946224256292906,-0.12216133495576305,4.370464345947189
656954,"Sheffield, Justus","L",594,136,"38.9",1.8123574631937753,5.433939393939394,0.07055422664811256,4.027620350875007
657053,"Toussaint, Touki","R",419,144,"36.0",-1.895602898719726,5.733890214797136,0.02657763812755521,4.3389754340893445
657140,"Wright, Kyle","R",466,144,"36.2",-2.1299791030056414,5.886051502145922,-0.06581166468064986,4.374464700611468
657277,"Webb, Logan","R",589,137,"26.9",-2.2048615171918606,5.4235483870967744,-0.20453526345918055,4.409632862310922
659275,"Lamet, Dinelson","R",851,135,"45.0",-1.5054529700756205,6.172397179788484,0.23720502174302047,4.432890827185217
663460,"Bubic, Kris","L",646,118,"45.4",1.521304893860537,5.754891640866873,-0.07428383479686555,4.135362041753093
663465,"Allard, Kolby","L",589,140,"46.6",1.4095351898295125,5.644889643463498,-0.06479689716463835,4.082357823731746
663474,"McKenzie, Triston","R",438,114,"49.2",-1.2818362274062998,6.304931506849315,0.2326139090339332,4.550246589382951
663554,"Mize, Casey","R",534,116,"31.6",-2.0300504871176037,5.543876404494382,-0.19265565012555924,4.414042562561456
663776,"Sandoval, Patrick","L",519,108,"57.4",0.8015034836122334,6.4123314065510595,-0.4087343280969333,4.524075153470698
663903,"Singer, Brady","R",971,118,"35.5",-1.6869876656591558,5.510185375901133,0.04665777247164197,4.274119903878015
663978,"Paddack, Chris","R",752,135,"47.2",-1.5855318854957106,6.199015957446808,0.0163758574319174,4.471919214213883
664045,"Eshelman, Thomas","R",362,110,"47.6",-1.3288343491106813,5.738950276243094,0.1345469588639072,4.135098780295644
664062,"Gonsolin, Tony","R",529,119,"46.7",-1.587960375345286,6.152646502835538,0.05185393655593359,4.411516660015871
664129,"Hartlieb, Geoff","R",382,134,"35.8",-1.946971785941946,6.094712041884817,0.032459560383827496,4.668776605736298
664141,"Brubaker, JT","R",679,134,"45.0",-1.411097000629095,6.088203240058911,0.2871738042016244,4.388121990341123
664199,"Clarke, Taylor","R",647,109,"47.4",-1.2332868660825675,6.233693972179289,0.35733756003472766,4.507051849505258
664285,"Valdez, Framber","L",739,117,"40.5",1.6449501176241736,5.829932341001353,-0.012122858321979305,4.416138051298942
664299,"Javier, Cristian","R",530,117,"31.8",-2.0846184210936687,5.488905660377359,-0.07951951759048388,4.24464965203886
664350,"Sánchez, Sixto","R",462,146,"29.5",-2.249930596333263,5.6159307359307356,-0.22032072057473126,4.467359090909091
664353,"Urquidy, José","R",428,117,"52.5",-1.3018198756040316,6.268598130841122,0.03300861365993934,4.526102506076879
666120,"Anderson, Ian","R",379,144,"65.8",-0.42979165214755594,6.100263852242744,0.48668833120091404,4.063463858951172
666200,"Luzardo, Jesús","L",842,133,"29.2",2.1047152162912726,5.687268408551069,0.03498880277580693,4.528781054937172
668676,"Plesac, Zach","R",685,114,"48.6",-1.496871989484897,6.064277372262774,0.024217204216457653,4.340244757543695
668678,"Gallen, Zac","R",559,109,"43.4",-1.3738399358627693,5.85871198568873,0.13783827798569417,4.428357375010136
669160,"May, Dustin","R",678,119,"27.0",-2.2489333492211907,5.3952654867256635,-0.19913307823954202,4.3501751866038045
669203,"Burnes, Corbin","R",656,158,"38.8",-1.7271248944115813,5.90670731707317,0.040009529951531626,4.483771322052137
669211,"Akin, Keegan","L",366,110,"41.5",1.7765509616329234,5.744207650273224,0.13260924572387325,4.28794965116449
669373,"Skubal, Tarik","L",472,116,"49.3",1.8650253702091277,6.384936440677966,0.26423784970845043,4.526292577759147
669456,"Bieber, Shane","R",1004,114,"43.8",-1.3388339704350982,5.657978087649402,0.230015398537788,4.152913532119612
670950,"Richards, Trevor","R",488,139,"54.0",-0.9718524059861589,6.242786885245901,0.41901694710158655,4.32838339256362
675916,"Karinchak, James","R",390,114,"67.8",-0.34905316118879565,6.738025641025641,0.5365336763848896,4.566153318421774
676596,"Fleming, Josh","L",393,139,"36.4",1.6915330343544783,5.6841730279898215,-0.12582180720541744,4.343126918488886
676606,"Margevicius, Nick","L",519,136,"51.2",1.2877504757546734,6.072215799614644,-0.06881944615742601,4.385482655274143
677976,"Dobnak, Randy","R",742,142,"17.0",-2.566333168560545,5.208342318059299,-0.325097610354176,4.522332860952057