#,player,age,pos,ht,wt,ba,th,born,place,hilvl,mlb years,stat years,draft info,salary (millions),infield
1,Willy Adames,24,ss,6-0,215,R,R,1995-09-02,"Santiago,DR",MLB,2018-2026,2013-2026,"2012- UDFA -DET",0.5795,yes
46,Jose Alvarado,25,p,6-2,245,L,L,1995-05-21,"Maracaibo,VZ",MLB,2017-2026,2014-2026,"2012- UDFA -TBA",0.5731
70,Nick Anderson,29,p,6-4,205,R,R,1990-07-05,"Crosby,MN",MLB,2019-2025,2012-2026,"2015- UDFA -MIN",0.5773
56,Randy Arozarena,25,lf,5-10,185,R,R,1995-02-28,"Havana,CU",MLB,2019-2026,2016-2026,"2016- UDFA -SLN",0.5635
53,Anthony Banda,26,p,6-2,221,L,L,1993-08-10,"Corpus Christi,TX",MLB,2017-2026,2012-2026,"2012- 10- 335-MIL",0.5635
68,Jalen Beeks,26,p,5-11,215,L,L,1993-07-10,"Fayetteville,AR",MLB,2018-2026,2013-2026,"2014- 12- 374-BOS",0.5724
43,Mike Brosseau,26,1b-3b,5-10,203,R,R,1994-03-15,"Munster,IN",MLB,2019-2023,2013-2025,"2016- UDFA -TBA",0.5635
63,Diego Castillo,26,p,6-3,268,R,R,1994-01-18,"Cabrera,DR",MLB,2018-2024,2014-2025,"2014- UDFA -TBA",0.5758
72,Yonny Chirinos,26,p,6-2,225,R,R,1993-12-26,"Bachaquero,VZ",MLB,2018-2024,2014-2024,"2012- UDFA -TBA",0.5767
26,Ji Man Choi,29,1b,6-0,260,L,R,1991-05-19,"Incheon,KR",MLB,2016-2023,2010-2024,"2010- UDFA -SEA",0.85,yes
84,John Curtiss,27,p,6-5,220,R,R,1993-04-05,"Dallas,TX",MLB,2017-2025,2012-2026,"2014- 6- 170-MIN",0.5635
2,Yandy Diaz,28,1b-dh,6-1,235,R,R,1991-08-08,"Sagua La Grande,CU",MLB,2017-2026,2014-2026,"2013- UDFA -CLE",0.5766,yes
47,Oliver Drake,33,p,6-4,220,R,R,1987-01-13,"Worcester,MA",MLB,2015-2020,2007-2020,"2008- 43-1286-BAL",1.025
29,Pete Fairbanks,26,p,6-6,235,R,R,1993-12-16,"Milwaukee,WI",MLB,2019-2026,2013-2026,"2015- 9- 258-TEX",0.5647
61,Josh Fleming,24,p,6-2,220,L,L,1996-05-18,"Bridgeton,MO",MLB,2020-2026,2017-2026,"2017- 5- 139-TBA",0.5635
58,Edgar Garcia,23,p,6-1,205,R,R,1996-10-04,"Palenque,DR",MLB,2019-2021,2014-2024,"2014- UDFA -PHI",0.5635
85,Sean Gilmartin,30,p,6-2,205,L,L,1990-05-08,"Thousand Oaks,CA",MLB,2015-2020,2009-2021,"2011- 1- 28-ATL",0.5635
20,Tyler Glasnow,26,p,6-8,225,L,R,1993-08-23,"Newhall,CA",MLB,2016-2026,2012-2026,"2011- 5- 152-PIT",2.05
39,Kevin Kiermaier,30,cf,6-1,210,L,R,1990-04-22,"Fort Wayne,IN",MLB,2013-2024,2010-2024,"2010- 31- 941-TBA",10
36,Andrew Kittredge,30,p,6-1,230,R,R,1990-03-17,"Spokane,WA",MLB,2017-2026,2009-2026,"2011- UDFA -SEA",0.5712
15,Aaron Loup,32,p,5-11,210,L,L,1987-12-19,"Raceland,LA",MLB,2012-2023,2007-2023,"2009- 9- 280-TOR",1
8,Brandon Lowe,25,2b-dh,5-10,190,L,R,1994-07-06,"Suffolk,VA",MLB,2018-2026,2014-2026,"2015- 3- 87-TBA",1.5,yes
35,Nathaniel Lowe,24,1b,6-4,220,L,R,1995-07-07,"Norfolk,VA",MLB,2019-2026,2014-2026,"2016- 13- 390-TBA",0.5635
13,Manuel Margot,25,lf-rf,5-10,229,R,R,1994-09-28,"San Cristobal,DR",MLB,2016-2025,2012-2025,"2011- UDFA -BOS",2.475
40,Jose A. Martinez,31,rf,6-6,215,R,R,1988-07-25,"La Guaira,VZ",MLB,2016-2020,2007-2024,"2006- UDFA -CHA",2
37,Austin Meadows,25,rf-lf,6-3,225,L,L,1995-05-03,"Atlanta,GA",MLB,2018-2023,2013-2023,"2013- 1- 9-PIT",0.5789
50,Charlie Morton,36,p,6-5,215,R,R,1983-11-12,"Flemington,NJ",MLB,2008-2025,2002-2025,"2002- 3- 95-ATL",15
31,Brian O'Grady,28,rf-cf,6-2,215,L,R,1992-05-17,"Philadelphia,PA",MLB,2019-2021,2011-2025,"2014- 8- 245-CIN",0.5635
7,Michael Perez,27,c,5-10,195,L,R,1992-08-07,"Bayamon,PR",MLB,2018-2023,2011-2025,"2011- 5- 154-ARI",0.5666
14,Brett Phillips,26,cf-lf,6-0,200,L,R,1994-05-30,"Seminole,FL",MLB,2017-2023,2012-2025,"2012- 6- 189-HOU",0.569625
21,Cody Reed,27,p,6-5,230,L,L,1993-04-15,"Memphis,TN",MLB,2016-2021,2012-2025,"2013- 2- 46-KCA",0.5735
11,Hunter Renfroe,28,rf,6-1,230,R,R,1992-01-28,"Crystal Springs,MS",MLB,2016-2025,2011-2025,"2013- 1- 13-SDN",3.3
34,Trevor Richards,27,p,6-2,205,R,R,1993-05-15,"Aviston,IL",MLB,2018-2026,2012-2026,"2016- UDFA -MIA",0.575
52,Chaz Roe,33,p,6-5,190,R,R,1986-10-09,"Steubenville,OH",MLB,2013-2021,2005-2021,"2005- 1- 32-COL",2.1852
71,Ryan Sherriff,30,p,6-1,187,L,L,1990-05-25,"Culver City,CA",MLB,2017-2023,2011-2025,"2011- 28- 860-SLN",0.5635
57,Aaron Slegers,27,p,6-10,260,R,R,1992-09-04,"Long Beach,CA",MLB,2017-2021,2011-2022,"2013- 5- 140-MIN",0.5635
44,Kevan Smith,32,c,6-4,230,R,R,1988-06-28,"Pittsburgh,PA",MLB,2016-2021,2008-2021,"2011- 7- 231-CHA",0.575
4,Blake Snell,27,p,6-4,225,L,L,1992-12-04,"Seattle,WA",MLB,2016-2026,2011-2026,"2011- 1- 52-TBA",7
81,Ryan Thompson,28,p,6-5,210,R,R,1992-06-26,"Turner,OR",MLB,2020-2026,2013-2026,"2014- 23- 676-HOU",0.5635
25,Yoshi Tsutsugo,28,1b-3b,6-0,225,L,R,1991-11-26,"Hashimoto,JP",MLB,2020-2022,2010-2025,"2019- UDFA -TBA",5
18,Joey Wendle,30,ss,6-1,195,L,R,1990-04-26,"Wilmington,DE",MLB,2016-2024,2012-2024,"2012- 6- 203-CLE",0.5756,yes
48,Ryan Yarbrough,28,p,6-5,215,R,L,1991-12-31,"Austin,TX",MLB,2018-2026,2013-2026,"2014- 4- 111-SEA",0.5785
10,Mike Zunino,29,c,6-2,235,R,R,1991-03-25,"Cape Coral,FL",MLB,2013-2023,2010-2023,"2012- 1- 3-SEA",4.5