Rk,player,Age,Pos,WAR,W,L,W-L%,ERA,G,GS,GF,CG,SHO,SV,IP,H,R,ER,HR,BB,IBB,SO,HBP,BK,WP,BF,ERA+,FIP,WHIP,H9,HR9,BB9,SO9,SO/BB,Player-additional
1,Tyler Glasnow,26,SP,0.8,5,1,.833,4.08,11,11,0,0,0,0,57.1,43,26,26,11,22,0,91,0,0,7,238,100,3.66,1.134,6.8,1.7,3.5,14.3,4.14,glasnty01
2,Ryan Yarbrough,28,SP,1.2,1,4,.200,3.56,11,9,0,0,0,0,55.2,54,22,22,5,12,1,44,7,0,2,234,115,3.80,1.186,8.7,0.8,1.9,7.1,3.67,yarbrry01
3,Blake Snell,27,SP,1.1,4,2,.667,3.24,11,11,0,0,0,0,50.0,42,19,18,10,18,0,63,0,0,7,203,127,4.35,1.200,7.6,1.8,3.2,11.3,3.50,snellbl01
4,Charlie Morton,36,SP,0.2,2,2,.500,4.74,9,9,0,0,0,0,38.0,43,21,20,4,10,0,42,4,0,1,170,87,3.45,1.395,10.2,0.9,2.4,9.9,4.20,mortoch02
5,Josh Fleming,24,SP,0.8,5,0,1.000,2.78,7,5,0,0,0,0,32.1,28,10,10,5,7,0,25,1,0,0,130,148,4.40,1.082,7.8,1.4,1.9,7.0,3.57,flemijo01
6,Nick Anderson,29,CL,1.1,2,1,.667,0.55,19,0,9,0,0,6,16.1,5,2,1,1,3,0,26,0,0,0,58,756,1.35,0.490,2.8,0.6,1.7,14.3,8.67,anderni01
7,Pete Fairbanks,26,RP,0.5,6,3,.667,2.70,27,2,2,0,0,0,26.2,23,9,8,2,14,0,39,2,0,6,117,153,3.04,1.388,7.8,0.7,4.7,13.2,2.79,fairbpe01
8,Ryan Thompson,28,RP,-0.2,1,2,.333,4.44,25,1,3,0,0,1,26.1,29,15,13,4,8,0,23,0,1,0,114,93,4.33,1.405,9.9,1.4,2.7,7.9,2.88,thompry02
9,Aaron Loup,32,RP,0.5,3,2,.600,2.52,24,0,6,0,0,0,25.0,17,9,7,3,4,0,22,3,0,0,96,164,3.83,0.840,6.1,1.1,1.4,7.9,5.50,loupaa01
10,Diego Castillo,26,RP,0.9,3,0,1.000,1.66,22,0,5,0,0,4,21.2,12,4,4,3,11,0,23,1,0,0,89,249,4.53,1.062,5.0,1.2,4.6,9.6,2.09,castidi01
11,Trevor Richards,27,RP,-0.5,0,0,,5.91,9,4,1,0,0,0,32.0,44,24,21,6,11,0,27,0,0,1,150,70,4.97,1.719,12.4,1.7,3.1,7.6,2.45,richatr01
12,Aaron Slegers,27,RP,0.5,0,0,,3.46,11,1,3,0,0,2,26.0,18,10,10,1,5,2,19,2,0,0,101,119,3.04,0.885,6.2,0.3,1.7,6.6,3.80,slegeaa01
13,John Curtiss,27,RP,0.8,3,0,1.000,1.80,17,3,7,0,0,2,25.0,21,7,5,3,3,0,25,2,0,0,99,230,3.35,0.960,7.6,1.1,1.1,9.0,8.33,curtijo02
14,Jalen Beeks,26,RP,0.2,1,1,.500,3.26,12,0,3,0,0,1,19.1,21,9,7,1,4,0,26,0,0,2,81,127,1.79,1.293,9.8,0.5,1.9,12.1,6.50,beeksja02
15,Yonny Chirinos,26,RP,0.3,0,0,,2.38,3,3,0,0,0,0,11.1,14,4,3,2,4,0,10,2,0,0,52,177,5.31,1.588,11.1,1.6,3.2,7.9,2.50,chiriyo01
16,Oliver Drake,33,RP,-0.1,0,2,.000,5.73,11,0,4,0,0,2,11.0,7,8,7,2,6,1,7,0,0,1,45,74,5.92,1.182,5.7,1.6,4.9,5.7,1.17,drakeol01
17,Ryan Sherriff,30,RP,0.5,1,0,1.000,0.00,10,0,3,0,0,1,9.2,6,0,0,0,2,0,2,0,0,0,34,,3.40,0.828,5.6,0.0,1.9,1.9,1.00,sherrry01
18,Chaz Roe,33,RP,0.3,2,0,1.000,2.89,10,0,4,0,0,1,9.1,10,4,3,0,3,0,9,1,0,0,39,146,2.55,1.393,9.6,0.0,2.9,8.7,3.00,roech01
19,José Alvarado,25,RP,-0.1,0,0,,6.00,9,0,3,0,0,0,9.0,9,7,6,2,6,0,13,2,0,3,45,71,5.86,1.667,9.0,2.0,6.0,13.0,2.17,alvarjo03
20,Andrew Kittredge,30,RP,0.3,0,0,,2.25,8,1,1,0,0,1,8.0,8,2,2,0,2,0,3,0,0,0,31,189,3.19,1.250,9.0,0.0,2.3,3.4,1.50,kittran01
21,Anthony Banda,26,RP,-0.4,1,0,1.000,10.29,4,0,3,0,0,1,7.0,10,9,8,1,5,0,4,2,0,0,36,42,6.91,2.143,12.9,1.3,6.4,5.1,0.80,bandaan01
22,Sean Gilmartin,30,RP,-0.1,0,0,,8.31,2,0,0,0,0,0,4.1,7,4,4,2,4,0,5,0,0,0,24,53,9.65,2.538,14.5,4.2,8.3,10.4,1.25,gilmase01
23,Edgar García,23,RP,-0.3,0,0,,10.80,4,0,1,0,0,1,3.1,3,4,4,2,4,0,1,0,0,0,16,42,13.99,2.100,8.1,5.4,10.8,2.7,0.25,garcied01
24,Cody Reed,27,RP,0.1,0,0,,0.00,2,0,1,0,0,0,2.2,1,0,0,0,0,0,2,0,0,0,9,,1.69,0.375,3.4,0.0,0.0,6.8,,reedco01
25,Mike Brosseau,26,RP,0.0,0,0,,0.00,1,0,1,0,0,0,0.1,0,0,0,0,0,0,1,0,0,0,1,,-2.81,0.000,0.0,0.0,0.0,27.0,,brossmi01